<?xml version="1.0" encoding="UTF-8" standalone="yes"?>
<addon id="plugin.henry.maxmovies" name="Max Movies" version="0.0.1" provider-name="Henry Richard J">
    <requires>
        <import addon="xbmc.python" version="3.0.0"/>
        <import addon="script.module.routing" version="0.2.0"/>
        <import addon="script.module.simplejson" version="3.3.0"/>
		<import addon="script.module.codequick" version="0.9.10"/>
		<import addon="script.module.inputstreamhelper" version="0.5.2"/>
    </requires>
    <extension point="xbmc.python.pluginsource" library="main.py">
        <provides>video</provides>
    </extension>
    <extension point="xbmc.addon.metadata">
        <summary lang="en_GB">Watch all movies and tvshows of MX OTT platform!</summary>
        <description lang="en_GB"></description>
        <language></language>
        <platform>all</platform>
        <license>Apache-2.0</license>
        <forum></forum>
        <website></website>
        <email></email>
        <source></source>
        <news></news>
        <disclaimer></disclaimer>
        <assets>
            <icon>resources/icon.png</icon>
            <fanart>resources/fanart.jpg</fanart>
        </assets>
    </extension>
</addon>
