<?xml version="1.0" encoding="UTF-8" standalone="yes"?>
<addon id="repository.BrunoFlixRepo" name="BrunoFlix Repo" version="1.0" provider-name="TEAM-BRUNOFFLIX">
    <extension point="xbmc.addon.repository" name="Nome Repository">
        <dir>
            <info compressed="false">https://raw.githubusercontent.com/brunoflix/BrunoFlixRepo/master/zips/addons.xml</info>
            <checksum>https://raw.githubusercontent.com/brunoflix/BrunoFlixRepo/master/zips/addons.xml.md5</checksum>
            <datadir zip="true">https://raw.githubusercontent.com/brunoflix/BrunoFlixRepo/master/zips/</datadir>
        </dir>
    </extension>
    <extension point="xbmc.addon.metadata">
        <summary>BrunoFlix Repo</summary>
        <description>O BrunoFlix é Um Plugin de vídeo para o KODI que agrega Links de reprodução de Vídeos de vários tipos.

Levando o lazer e o prazer Para vocês assistir e curtir cada momento com a família e amigos.</description>
        <disclaimer></disclaimer>
        <platform>all</platform>
        <assets>
            <icon>icon.png</icon>
            <fanart>fanart.jpg</fanart>
        </assets>
    </extension>
</addon>